<?xml version="1.0" encoding="utf-8"?>
<manifest xmlns="http://www.we7.cc" versionCode="0.6,0.7,0.8">
	<application setting="false">
		<name><![CDATA[人人店]]></name>
		<identifie><![CDATA[ewei_shopv2]]></identifie>
		<version><![CDATA[3.8.0]]></version>
		<type><![CDATA[business]]></type>
		<ability><![CDATA[人人店]]></ability>
		<description><![CDATA[人人店]]></description>
		<author><![CDATA[weichengtech]]></author>
		<url><![CDATA[]]></url>
	</application>
	<platform>
		<subscribes>
			<message type="text" />
			<message type="image" />
			<message type="voice" />
			<message type="video" />
			<message type="shortvideo" />
			<message type="location" />
			<message type="link" />
			<message type="subscribe" />
			<message type="unsubscribe" />
			<message type="qr" />
			<message type="trace" />
			<message type="click" />
			<message type="view" />
			<message type="merchant_order" />
		</subscribes>
		<handles>
			<message type="text" />
			<message type="image" />
			<message type="voice" />
			<message type="video" />
			<message type="shortvideo" />
			<message type="location" />
			<message type="link" />
			<message type="subscribe" />
			<message type="qr" />
			<message type="trace" />
			<message type="click" />
			<message type="merchant_order" />
		</handles>
		<rule embed="false" />
		<card embed="false" />
	</platform>
	<bindings>
		<cover>
			<entry title="商城入口" do="mobile" state="" direct="false" />
		</cover>
		<menu call="getMenus">
		</menu>
	</bindings>
	<permissions>
	</permissions>
<install><![CDATA[install.php]]></install>
	<uninstall><![CDATA[]]></uninstall>
	<upgrade><![CDATA[upgrade.php]]></upgrade>
</manifest>